{
  "best_model_name": "catboost",
  "best_model_type": "cat",
  "best_window_days": 80,
  "rmse": 11.059894047530033,
  "mae": 7.950399985522243,
  "r2": 0.6197487288129364,
  "rows_after_prep": 1778,
  "features_used": 40
}