model,type,window_days,rows_after_prep,features_used,rmse,mae,r2,rmse_24h,rmse_48h,rmse_72h
xgboost,xgb,80,495,186,16.037012696382543,3.0942233516189797,0.0,0.12289468019645881,0.04372524925375419,0.013980211372913593
catboost,cat,80,495,186,7.668876567995605,6.844060443245108,0.0,7.127737839154577,8.093671034906553,2.460570799368188
extra_trees,extra,80,495,186,0.6265828803141511,0.4454854166666667,0.0,0.44929263848854684,0.22625649161957762,0.188547076349648
random_forest,rf,80,495,186,11.723479822605645,5.927222916666667,0.6666666666666666,2.498881149634772,0.0,0.0
