window_days,rows,note,model,type,rows_after_prep,features_used,rmse,mae,r2,rmse_24h,rmse_48h,rmse_72h
7,169,insufficient_rows,,,,,,,,,,
30,721,,catboost,cat,578.0,40.0,20.149787528020013,13.31451374602482,,2.2786483293568907,27.937829262646147,9.636594743064776
60,1441,,catboost,cat,1298.0,40.0,12.230721454214711,8.380559539121386,0.585455695322169,6.209711828210017,11.032770000147654,22.038004939266433
90,2161,,catboost,cat,2018.0,40.0,10.552995193375274,7.674243568555492,0.6015660449617413,8.490970694578763,10.35656051703251,16.25559733695506
180,4321,,catboost,cat,4178.0,40.0,11.714938873631386,8.186054871816575,0.34638732867475414,10.108746834607775,13.468134649130489,16.25173428024215
365,8761,,catboost,cat,8618.0,40.0,12.61948786229676,9.132506390348498,0.42924090034801454,10.917202849901766,14.323929336012931,16.041427924029563
